metric,value
eval_loss,0.14226585626602173
eval_precision,0.9294380587484036
eval_recall,0.9429867184969226
eval_f1,0.9361633703167712
eval_accuracy,0.9745477492637779
eval_runtime,0.613
eval_samples_per_second,1456.763
eval_steps_per_second,91.354
epoch,5.0
training_time,61.8583242893219
