metric,value
eval_loss,5.054374694824219
eval_precision,0.2707057686110216
eval_recall,0.25688073394495414
eval_f1,0.263612113604268
eval_accuracy,0.7010938157341187
eval_runtime,0.5899
eval_samples_per_second,1513.761
eval_steps_per_second,94.928
epoch,100.0
