metric,value
eval_loss,6.217739105224609
eval_precision,0.18959731543624161
eval_recall,0.16135173726796764
eval_f1,0.17433787606068396
eval_accuracy,0.6285519823038965
eval_runtime,0.3782
eval_samples_per_second,1321.947
eval_steps_per_second,84.605
epoch,100.0
