metric,value
eval_loss,0.08651227504014969
eval_precision,0.9592406476828588
eval_recall,0.9640852974186308
eval_f1,0.9616568709767702
eval_accuracy,0.9874085417730134
eval_runtime,0.3831
eval_samples_per_second,1305.285
eval_steps_per_second,83.538
epoch,5.0
