metric,value
eval_loss,0.12198006361722946
eval_precision,0.9386040499784576
eval_recall,0.9498582951820362
eval_f1,0.9441976378805937
eval_accuracy,0.9703782068235917
eval_runtime,1.0065
eval_samples_per_second,1438.703
eval_steps_per_second,90.416
epoch,5.0
