metric,value
eval_loss,0.14129257202148438
eval_precision,0.926829268292683
eval_recall,0.9399870939987094
eval_f1,0.9333618111917983
eval_accuracy,0.9669242860885512
eval_runtime,1.0062
eval_samples_per_second,1440.048
eval_steps_per_second,90.438
epoch,5.0
training_time,155.09816074371338
