metric,value
eval_loss,0.13344724476337433
eval_precision,0.9338468509288627
eval_recall,0.9475862068965517
eval_f1,0.9406663623916021
eval_accuracy,0.9674464487034949
eval_runtime,0.5033
eval_samples_per_second,1390.692
eval_steps_per_second,87.415
epoch,5.0
training_time,168.94005608558655
