metric,value
eval_loss,0.13582977652549744
eval_precision,0.94361750112765
eval_recall,0.9539443684450525
eval_f1,0.9487528344671202
eval_accuracy,0.9695481335952849
eval_runtime,0.4754
eval_samples_per_second,1472.426
eval_steps_per_second,92.552
epoch,5.0
